SOURCE_FIELD_NAME,OSCAL_MODEL,OSCAL_ELEMENT_PATH,EXECUTION_STATUS,TRANSFORM_ID,SOURCE_KEY,NULL_POLICY,LINEAGE_REQUIRED,VALUE_SOURCE,VALUE_REQUIRED,ALLOWED_VALUES,VALUE_MAP,OTHER_REMARKS_TEMPLATE,ROLE_ID,ROLE_TITLE,REFERENCE_TYPE,LOOKUP_KEY,DESCRIPTION_REQUIRED
ARCHER_CONTENT_AUTHORIZATION_PACKAGE_CONFIRMED_IN_ARCHER,SSP - Metadata,system-security-plan.metadata.props[],APPROVED,direct,source-one,preserve,N,FIELD,false,,,,,,,,
ARCHER_CONTENT_AUTHORIZATION_PACKAGE_FIRST_PUBLISHED,SSP - Metadata,system-security-plan.metadata.published,APPROVED,timestamp,source-one,,N,,,,,,,,,,
ARCHER_CONTENT_AUTHORIZATION_PACKAGE_LAST_UPDATED,SSP - Metadata,system-security-plan.metadata.last-modified,APPROVED,timestamp,source-one,,N,,,,,,,,,,
TRACKING_ID,SSP - Metadata,system-security-plan.metadata.document-ids[].identifier,APPROVED,identifier,source-one,,N,,,,,,,,,,
FIRST_PUBLISHED,SSP - Metadata,system-security-plan.metadata.published,APPROVED,timestamp,source-one,,N,,,,,,,,,,
LAST_UPDATED,SSP - Metadata,system-security-plan.metadata.last-modified,APPROVED,timestamp,source-one,,N,,,,,,,,,,
INFORMATION_OWNER_IO,SSP - Metadata,system-security-plan.metadata.responsible-parties[],APPROVED,direct,source-one,,N,,,,,,information-owner,Information Owner,,,
INFORMATION_SYSTEM_OWNER_ISO,SSP - Metadata,system-security-plan.metadata.responsible-parties[],APPROVED,direct,source-one,,N,,,,,,system-owner,Information System Owner,,,
SENIOR_INFORMATION_SYSTEMS_SECURITY_OFFICER_SISSO,SSP - Metadata,system-security-plan.metadata.responsible-parties[],APPROVED,direct,source-one,,N,,,,,,senior-information-systems-security-officer,Senior Information Systems Security Officer,,,
AUTHORIZING_OFFICIAL_AO,SSP - Metadata,system-security-plan.metadata.responsible-parties[],APPROVED,direct,source-one,,N,,,,,,authorizing-official,Authorizing Official,,,
INFORMATION_SYSTEM_SECURITY_OFFICER_ISSO,SSP - Metadata,system-security-plan.metadata.responsible-parties[],APPROVED,direct,source-one,,N,,,,,,system-security-officer,Information System Security Officer,,,
INFORMATION_SYSTEM_SECURITY_ENGINEER_ISSE,SSP - Metadata,system-security-plan.metadata.responsible-parties[],APPROVED,direct,source-one,,N,,,,,,information-system-security-engineer,Information System Security Engineer,,,
INFORMATION_SYSTEM_ADMINISTRATOR_ISA,SSP - Metadata,system-security-plan.metadata.responsible-parties[],APPROVED,direct,source-one,,N,,,,,,information-system-administrator,Information System Administrator,,,
AUTHORIZING_OFFICIAL_DESIGNATED_REPRESENTATIVE_AODR,SSP - Metadata,system-security-plan.metadata.responsible-parties[],APPROVED,direct,source-one,,N,,,,,,authorizing-official-designated-representative,Authorizing Official Designated Representative,,,
PRIVACY_OFFICER_PO,SSP - Metadata,system-security-plan.metadata.responsible-parties[],APPROVED,direct,source-one,,N,,,,,,privacy-officer,Privacy Officer,,,
SAP_ID,SSP - System Characteristics,system-security-plan.system-characteristics.system-ids[].id,APPROVED,direct,source-one,,N,,,,,,,,,,
AUTHORIZATION_PACKAGE_NAME,SSP - System Characteristics,system-security-plan.system-characteristics.system-name,APPROVED,text,source-one,,N,,,,,,,,,,
ACRONYM,SSP - System Characteristics,system-security-plan.system-characteristics.system-name-short,APPROVED,text,source-one,,N,,,,,,,,,,
OPERATIONAL_STATUS,SSP - System Characteristics,system-security-plan.system-characteristics.status.state,APPROVED,status-crosswalk,source-one,,Y,,,,operational=operational|under-development=under-development|decommissioned=disposition|reauthorize=other,Mapped from Archer operational status: {label}.,,,,,
INFORMATION_SYSTEM_TYPE,SSP - System Characteristics,system-security-plan.system-characteristics.props[],APPROVED,archer-select,source-one,,N,,,,,,,,,,
FISMA_REPORTABLE,SSP - System Characteristics,system-security-plan.system-characteristics.props[],APPROVED,archer-select,source-one,,N,,,,,,,,,,
FINANCIAL_SYSTEM,SSP - System Characteristics,system-security-plan.system-characteristics.props[],APPROVED,archer-select,source-one,,N,,,,,,,,,,
MISSION_CRITICAL,SSP - System Characteristics,system-security-plan.system-characteristics.props[],APPROVED,archer-select,source-one,,N,,,,,,,,,,
CRITICAL_INFRASTRUCTURE,SSP - System Characteristics,system-security-plan.system-characteristics.props[],APPROVED,archer-select,source-one,,N,,,,,,,,,,
MISSION_PURPOSE,SSP - System Characteristics,system-security-plan.system-characteristics.description,APPROVED,text,source-one,,N,,,,,,,,,,
PACKAGE_TYPE,SSP - System Characteristics,system-security-plan.system-characteristics.props[],APPROVED,archer-select,source-one,,N,,,,,,,,,,
AUTHORIZATION_BOUNDARY_DESCRIPTION,SSP - System Characteristics,system-security-plan.system-characteristics.authorization-boundary.description,APPROVED,text,source-one,,N,,,,,,,,,,
AUTHORIZATION_DECISION,SSP - System Characteristics,system-security-plan.system-characteristics.props[],APPROVED,archer-select,source-one,,N,,,,,,,,,,
HELPER_PTA_CALC,SSP - System Characteristics,system-security-plan.system-characteristics.props[],EXCLUDED,,source-one,,N,,,,,,,,,,
PACKAGE_TYPE_HELPER_CALC,SSP - System Characteristics,system-security-plan.system-characteristics.props[],EXCLUDED,,source-one,,N,,,,,,,,,,
AUTHORIZATION_COMMENTS,SSP - System Characteristics,system-security-plan.system-characteristics.status.remarks,APPROVED,text,source-one,,N,,,,,,,,,,
PIA_REQUIRED,SSP - System Characteristics,system-security-plan.system-characteristics.props[],APPROVED,archer-select,source-one,,N,,,,,,,,,,
ATOIATO_DATE,SSP - System Characteristics,system-security-plan.system-characteristics.date-authorized,APPROVED,date,source-one,,N,,,,,,,,,,
RECOMMENDED_CONFIDENTIALITY_CONTROL_CATEGORY,SSP - System Characteristics,system-security-plan.system-characteristics.security-impact-level.security-objective-confidentiality,APPROVED,security-objective,source-one,,Y,,,Legacy LOE A|Legacy LOE A + DFARS|Legacy LOE B|Legacy LOE B + DFARS|Legacy LOE C|Legacy LOE C + DFARS|Legacy LOE D|Legacy LOE D + DFARS,,,,,,,
CONFIDENTIALITY_CONTROL_CATEGORY_OVERRIDE,SSP - System Characteristics,system-security-plan.system-characteristics.security-impact-level.security-objective-confidentiality,APPROVED,security-objective,source-one,,Y,,,Legacy LOE A|Legacy LOE A + DFARS|Legacy LOE B|Legacy LOE B + DFARS|Legacy LOE C|Legacy LOE C + DFARS|Legacy LOE D|Legacy LOE D + DFARS,,,,,,,
RECOMMENDED_INTEGRITY_CONTROL_CATEGORY,SSP - System Characteristics,system-security-plan.system-characteristics.security-impact-level.security-objective-integrity,APPROVED,security-objective,source-one,,Y,,,Legacy LOE A|Legacy LOE A + DFARS|Legacy LOE B|Legacy LOE B + DFARS|Legacy LOE C|Legacy LOE C + DFARS|Legacy LOE D|Legacy LOE D + DFARS,,,,,,,
INTEGRITY_CONTROL_CATEGORY_OVERRIDE,SSP - System Characteristics,system-security-plan.system-characteristics.security-impact-level.security-objective-integrity,APPROVED,security-objective,source-one,,Y,,,Legacy LOE A|Legacy LOE A + DFARS|Legacy LOE B|Legacy LOE B + DFARS|Legacy LOE C|Legacy LOE C + DFARS|Legacy LOE D|Legacy LOE D + DFARS,,,,,,,
AVAILABILITY_CONTROL_CATEGORY_OVERRIDE,SSP - System Characteristics,system-security-plan.system-characteristics.security-impact-level.security-objective-availability,APPROVED,security-objective,source-one,,Y,,,Legacy LOE A|Legacy LOE A + DFARS|Legacy LOE B|Legacy LOE B + DFARS|Legacy LOE C|Legacy LOE C + DFARS|Legacy LOE D|Legacy LOE D + DFARS,,,,,,,
RECOMMENDED_AVAILABILITY_CONTROL_CATEGORY,SSP - System Characteristics,system-security-plan.system-characteristics.security-impact-level.security-objective-availability,APPROVED,security-objective,source-one,,Y,,,Legacy LOE A|Legacy LOE A + DFARS|Legacy LOE B|Legacy LOE B + DFARS|Legacy LOE C|Legacy LOE C + DFARS|Legacy LOE D|Legacy LOE D + DFARS,,,,,,,
SECURITY_CATEGORY,SSP - System Characteristics,system-security-plan.system-characteristics.security-sensitivity-level,APPROVED,direct,source-one,,N,,,,,,,,,,
PROGRAMSITE_INTEGRITY_CONTROL_CATEGORY,SSP - System Characteristics,system-security-plan.system-characteristics.security-impact-level.security-objective-integrity,APPROVED,security-objective,source-one,,Y,,,Legacy LOE A|Legacy LOE A + DFARS|Legacy LOE B|Legacy LOE B + DFARS|Legacy LOE C|Legacy LOE C + DFARS|Legacy LOE D|Legacy LOE D + DFARS,,,,,,,
PROGRAMSITE_AVAILABILITY_CONTROL_CATEGORY,SSP - System Characteristics,system-security-plan.system-characteristics.security-impact-level.security-objective-availability,APPROVED,security-objective,source-one,,Y,,,Legacy LOE A|Legacy LOE A + DFARS|Legacy LOE B|Legacy LOE B + DFARS|Legacy LOE C|Legacy LOE C + DFARS|Legacy LOE D|Legacy LOE D + DFARS,,,,,,,
FULL_CONTROL_ASSESSMENT_HELPER,SSP - System Characteristics,system-security-plan.system-characteristics.security-impact-level.security-objective-confidentiality,EXCLUDED,,source-one,,N,,,,,,,,,,
CNSS_AVAILABILITY_RATING,SSP - System Characteristics,system-security-plan.system-characteristics.security-impact-level.security-objective-availability,APPROVED,security-objective,source-one,,Y,,,Legacy LOE A|Legacy LOE A + DFARS|Legacy LOE B|Legacy LOE B + DFARS|Legacy LOE C|Legacy LOE C + DFARS|Legacy LOE D|Legacy LOE D + DFARS,,,,,,,
CNSS_CONFIDENTIALITY_RATING,SSP - System Characteristics,system-security-plan.system-characteristics.security-impact-level.security-objective-confidentiality,APPROVED,security-objective,source-one,,Y,,,Legacy LOE A|Legacy LOE A + DFARS|Legacy LOE B|Legacy LOE B + DFARS|Legacy LOE C|Legacy LOE C + DFARS|Legacy LOE D|Legacy LOE D + DFARS,,,,,,,
CNSS_INTEGRITY_RATING,SSP - System Characteristics,system-security-plan.system-characteristics.security-impact-level.security-objective-integrity,APPROVED,security-objective,source-one,,Y,,,Legacy LOE A|Legacy LOE A + DFARS|Legacy LOE B|Legacy LOE B + DFARS|Legacy LOE C|Legacy LOE C + DFARS|Legacy LOE D|Legacy LOE D + DFARS,,,,,,,
SUBSYSTEMS,SSP - System Implementation,system-security-plan.system-implementation.components[],APPROVED,direct,source-one,,N,,,,,,,,system,,
SOFTWARE,SSP - System Implementation,system-security-plan.system-implementation.components[],APPROVED,direct,source-one,,N,,,,,,,,software,software,true
HARDWARE,SSP - System Implementation,system-security-plan.system-implementation.components[],APPROVED,direct,source-one,,N,,,,,,,,hardware,,
INTERCONNECTIONS,SSP - System Implementation,system-security-plan.system-implementation.components[],APPROVED,direct,source-one,,N,,,,,,,,interconnection,interconnection,
INTERCONNECTIONS_CONNECTING_INFORMATION_SYSTEM,SSP - System Implementation,system-security-plan.system-implementation.components[],APPROVED,direct,source-one,,N,,,,,,,,interconnection,interconnection,
SAP_INTAKE_FORM_INTERCONNECTIONS,SSP - System Implementation,system-security-plan.system-implementation.components[],APPROVED,direct,source-one,,N,,,,,,,,interconnection,,
COUNT_OF_CONTROLS,SSP - Control Implementation,system-security-plan.system-characteristics.props[],APPROVED,direct,source-one,,N,,,,,,,,,,
ALLOCATE_BASELINE_CONTROLS,SSP - Control Implementation,Unspecified,EXCLUDED,,source-one,,N,,,,,,,,,,
CONTROL_SET_VERSION_NUMBER,SSP - Control Implementation,system-security-plan.system-characteristics.props[],APPROVED,archer-select,source-one,,N,,,,,,,,,,
COUNT_OF_CONTROLS_WITHOUT_IMPLEMENTATION_DETAILS,SSP - Control Implementation,system-security-plan.system-characteristics.props[],APPROVED,direct,source-one,,N,,,,,,,,,,
COUNT_OF_CONTROLS_WITH_OPEN_POAMS_ANDOR_RBDS,SSP - Control Implementation,system-security-plan.system-characteristics.props[],APPROVED,direct,source-one,,N,,,,,,,,,,
NUMBER_OF_CONTROLS_BEING_INHERITED_BY_OTHERS,SSP - Control Implementation,system-security-plan.system-characteristics.props[],APPROVED,direct,source-one,,N,,,,,,,,,,
ARCHIVE_CONTROLS,SSP - Control Implementation,Unspecified,EXCLUDED,,source-one,,N,,,,,,,,,,
CONTROL_OWNER_CO,SSP - Control Implementation,system-security-plan.system-characteristics.props[],APPROVED,direct,source-one,preserve,N,FIELD,false,,,,,,,,
SECURITY_CONTROL_ASSESSOR_SCA,SSP - Control Implementation,system-security-plan.metadata.responsible-parties[],APPROVED,direct,source-one,,N,FIELD,false,,,,security-control-assessor,Security Control Assessor,,,
ADD_ADDITIONAL_CONTROLS,SSP - Control Implementation,system-security-plan.system-characteristics.props[],APPROVED,direct,source-one,preserve,N,FIELD,false,,,,,,,,
ALLOCATED_CONTROLS,SSP - Control Implementation,system-security-plan.system-characteristics.props[],APPROVED,reference-ids,source-one,,N,FIELD,false,,,,,,,,
ARCHIVED_CONTROLS,SSP - Control Implementation,system-security-plan.system-characteristics.props[],APPROVED,reference-ids,source-one,,N,FIELD,false,,,,,,,,
INHERITED_CONTROL_SELECTION,SSP - Control Implementation,system-security-plan.system-characteristics.props[],APPROVED,direct,source-one,preserve,N,FIELD,false,,,,,,,,
INHERITABLE_CONTROLS,SSP - Control Implementation,system-security-plan.system-characteristics.props[],APPROVED,reference-ids,source-one,,N,FIELD,false,,,,,,,,
LINK_CNSS_CONTROLS_BY_CONFIDENTIALITY_RATING,SSP - Control Implementation,,EXCLUDED,,source-one,,N,,,,,,,,,,
LINK_CNSS_CONTROLS_BY_INTEGRITY_RATING,SSP - Control Implementation,,EXCLUDED,,source-one,,N,,,,,,,,,,
LINK_CNSS_CONTROLS_BY_AVAILABILITY_RATING,SSP - Control Implementation,,EXCLUDED,,source-one,,N,,,,,,,,,,
HELPER_ALLOCATED_CONTROLS,SSP - Control Implementation,,EXCLUDED,,source-one,,N,,,,,,,,,,
PRECONTROL_ALLOCATION_PROGRESS_VIEW,SSP - Control Implementation,,EXCLUDED,,source-one,,N,,,,,,,,,,
COUNT_OF_FULLY_IMPLEMENTED_CONTROLS,SSP - Control Implementation,system-security-plan.system-characteristics.props[],APPROVED,direct,source-one,,N,,,,,,,,,,
CONTROL_SET_VERSION_NUMBER_HRC,SSP - Control Implementation,system-security-plan.system-characteristics.props[],APPROVED,archer-select,source-one,,N,,,,,,,,,,
GS_LAB_CONTROL_ENTITY,SSP - Control Implementation,system-security-plan.system-characteristics.props[],APPROVED,reference-ids,source-one,,N,FIELD,false,,,,,,,,
CONTROL_STANDARDS,SSP - Control Implementation,system-security-plan.system-characteristics.props[],APPROVED,direct,source-one,preserve,N,FIELD,false,,,,,,,,
MASTER_CONTROLS,SSP - Control Implementation,system-security-plan.system-characteristics.props[],APPROVED,direct,source-one,preserve,N,FIELD,false,,,,,,,,
ALLOCATED_CONTROLS_PARTIAL_CONTROL_PROVIDERS,SSP - Control Implementation,system-security-plan.system-characteristics.props[],APPROVED,reference-ids,source-one,,N,FIELD,false,,,,,,,,
ALTERNATE_SECURITY_CONTROL_ASSESSOR_SCA_TEXT,SSP - Control Implementation,system-security-plan.system-characteristics.props[],APPROVED,direct,source-one,preserve,N,FIELD,false,,,,,,,,
EXPORT_CONTROL_ASSESSOR_ECA_TEXT,SSP - Control Implementation,system-security-plan.system-characteristics.props[],APPROVED,text,source-one,,N,FIELD,false,,,,,,,,
SECURITY_CONTROL_ASSESSOR_SCA_TEXT,SSP - Control Implementation,system-security-plan.system-characteristics.props[],APPROVED,text,source-one,,N,FIELD,false,,,,,,,,
EXPORT_CONTROLLED_DATA_ITARAR_IF_APPLICABLE,SSP - Control Implementation,system-security-plan.system-characteristics.props[],APPROVED,direct,source-one,preserve,N,FIELD,false,,,,,,,,
COUNT_OF_CONTROLS_WITH_OPEN_POAMS,SSP - Control Implementation,system-security-plan.system-characteristics.props[],APPROVED,direct,source-one,,N,,,,,,,,,,
COUNT_OF_CONTROLS_MISSING_POAMRBD,SSP - Control Implementation,system-security-plan.system-characteristics.props[],APPROVED,direct,source-one,,N,,,,,,,,,,
ALTERNATE_SECURITY_CONTROL_ASSESSOR_SCA,SSP - Control Implementation,system-security-plan.metadata.responsible-parties[],APPROVED,direct,source-one,,N,FIELD,false,,,,alternate-security-control-assessor,Alternate Security Control Assessor,,,
ALLOCATED_CONTROLS_AUTHORIZATION_PACKAGE,SSP - Control Implementation,system-security-plan.system-characteristics.props[],APPROVED,direct,source-one,preserve,N,FIELD,false,,,,,,,,
CONTROL_SET_TO_ASSESS,SSP - Control Implementation,system-security-plan.system-characteristics.props[],APPROVED,direct,source-one,preserve,N,FIELD,false,,,,,,,,
CHANGE_CONTROL,SSP - Control Implementation,system-security-plan.system-characteristics.props[],APPROVED,direct,source-one,preserve,N,FIELD,false,,,,,,,,
HELPER_OTS_CONTROLS,SSP - Control Implementation,,EXCLUDED,,source-one,,N,,,,,,,,,,
COUNT_OF_INHERITED_CONTROLS,SSP - Control Implementation,system-security-plan.system-characteristics.props[],APPROVED,direct,source-one,,N,,,,,,,,,,
COUNT_OF_ACTUAL_CONTROLS_IMPLEMENTED,SSP - Control Implementation,system-security-plan.system-characteristics.props[],APPROVED,direct,source-one,,N,,,,,,,,,,
DATE_CONTINUE_TO_CONTROL_IMPLEMENTATION,SSP - Control Implementation,,EXCLUDED,,source-one,,N,,,,,,,,,,
CURRENT_CONTROL_RISK_THRESHOLD,SSP - Control Implementation,system-security-plan.system-characteristics.props[],APPROVED,direct,source-one,preserve,N,FIELD,false,,,,,,,,
OF_SATISFIED_CONTROLS,SSP - Control Implementation,system-security-plan.system-characteristics.props[],APPROVED,direct,source-one,preserve,N,FIELD,false,,,,,,,,
HELPER_ALLOCATED_CONTROLS,SSP - Control Implementation,,EXCLUDED,,source-one,,N,,,,,,,,,,
INFORMATION_CLASSIFICATION,System Security Plan,system-security-plan.system-characteristics.props[],APPROVED,archer-select,source-one,,N,,,,,,,,,,
DAILY_LOSS_AMOUNT_FROM_OUTAGE,System Security Plan,system-security-plan.system-characteristics.props[],APPROVED,direct,source-one,preserve,N,,,,,,,,,,
FINDINGS,Assessment Results,assessment-results.results[].props[],APPROVED,direct,source-one,preserve,N,FIELD,false,,,,,,,,
RISK_ACCEPTANCE_RBDS,Assessment Results,assessment-results.results[].props[],APPROVED,reference-ids,source-one,,N,,,,,,,,,,
VULNERABILITY_SCORE,Assessment Results,assessment-results.results[].observations[],APPROVED,scalar-score,source-one,,N,,,,,,,,,,
ANTIVIRUS_SCORE,Assessment Results,assessment-results.results[].observations[],APPROVED,scalar-score,source-one,,N,,,,,,,,,,
PATCH_SCORE,Assessment Results,assessment-results.results[].observations[],APPROVED,scalar-score,source-one,,N,,,,,,,,,,
SECURITY_COMPLIANCE_SCORE,Assessment Results,assessment-results.results[].observations[],APPROVED,scalar-score,source-one,,N,,,,,,,,,,
STANDARD_OPERATING_ENVIRONMENT_SCORE,Assessment Results,assessment-results.results[].observations[],APPROVED,scalar-score,source-one,,N,,,,,,,,,,
COMPUTER_PASSWORD_AGE_SCORE,Assessment Results,assessment-results.results[].observations[],APPROVED,scalar-score,source-one,,N,,,,,,,,,,
VULNERABILITY_REPORTING_SCORE,Assessment Results,assessment-results.results[].observations[],APPROVED,scalar-score,source-one,,N,,,,,,,,,,
SECURITY_COMPLIANCE_REPORTING_SCORE,Assessment Results,assessment-results.results[].observations[],APPROVED,scalar-score,source-one,,N,,,,,,,,,,
TOTAL_AUTHORIZATION_PACKAGE_RISK_SCORE,Assessment Results,assessment-results.results[].observations[],APPROVED,scalar-score,source-one,,N,,,,,,,,,,
AVG_AUTHORIZATION_PACKAGE_RISK_SCORE,Assessment Results,assessment-results.results[].observations[],APPROVED,scalar-score,source-one,,N,,,,,,,,,,
RISK_SCORE_GRADE,Assessment Results,assessment-results.results[].observations[],APPROVED,scalar-score,source-one,,N,,,,,,,,,,
AVG_VULNERABILITY_SCORE,Assessment Results,assessment-results.results[].observations[],APPROVED,scalar-score,source-one,,N,,,,,,,,,,
AVG_PATCH_SCORE,Assessment Results,assessment-results.results[].observations[],APPROVED,scalar-score,source-one,,N,,,,,,,,,,
AVG_SECURITY_COMPLIANCE_REPORTING_SCORE,Assessment Results,assessment-results.results[].observations[],APPROVED,scalar-score,source-one,,N,,,,,,,,,,
AVG_ANTIVIRUS_SCORE,Assessment Results,assessment-results.results[].observations[],APPROVED,scalar-score,source-one,,N,,,,,,,,,,
AVG_STANDARD_OPERATING_ENVIRONMENT_SCORE,Assessment Results,assessment-results.results[].observations[],APPROVED,scalar-score,source-one,,N,,,,,,,,,,
AVG_COMPUTER_PASSWORD_AGE_SCORE,Assessment Results,assessment-results.results[].observations[],APPROVED,scalar-score,source-one,,N,,,,,,,,,,
AVG_VULNERABILITY_REPORTING_SCORE,Assessment Results,assessment-results.results[].observations[],APPROVED,scalar-score,source-one,,N,,,,,,,,,,
AVG_SECURITY_COMPLIANCE_SCORE,Assessment Results,assessment-results.results[].observations[],APPROVED,scalar-score,source-one,,N,,,,,,,,,,
TOTAL_PACKAGE_INHERENT_RISK,Assessment Results,assessment-results.results[].observations[],APPROVED,scalar-score,source-one,,N,,,,,,,,,,
TOTAL_PACKAGE_RESIDUAL_RISK,Assessment Results,assessment-results.results[].observations[],APPROVED,scalar-score,source-one,,N,,,,,,,,,,
ADJUSTED_TOTAL_RISK_SCORE,Assessment Results,assessment-results.results[].observations[],APPROVED,scalar-score,source-one,,N,,,,,,,,,,
ADJUSTED_AVERAGE_RISK_SCORE,Assessment Results,assessment-results.results[].observations[],APPROVED,scalar-score,source-one,,N,,,,,,,,,,
CURRENT_HIGHEST_DEVICE_RISK_SCORE,Assessment Results,assessment-results.results[].observations[],APPROVED,scalar-score,source-one,,N,,,,,,,,,,
CURRENT_AVERAGE_DEVICE_RISK_SCORE,Assessment Results,assessment-results.results[].observations[],APPROVED,scalar-score,source-one,,N,,,,,,,,,,
CURRENT_CONTROL_RISK_SCORE,Assessment Results,assessment-results.results[].observations[],APPROVED,scalar-score,source-one,,N,,,,,,,,,,
PCT_CURRENT_HIGHEST_DEVICE_RISK_THRESHOLD,Assessment Results,assessment-results.results[].observations[],APPROVED,scalar-score,source-one,,N,,,,,,,,,,
PCT_CURRENT_AVERAGE_DEVICE_RISK_THRESHOLD,Assessment Results,assessment-results.results[].observations[],APPROVED,scalar-score,source-one,,N,,,,,,,,,,
BASELINE_HIGHEST_DEVICE_RISK_SCORE,Assessment Results,assessment-results.results[].observations[],APPROVED,scalar-score,source-one,,N,,,,,,,,,,
BASELINE_AVERAGE_DEVICE_RISK_SCORE,Assessment Results,assessment-results.results[].observations[],APPROVED,scalar-score,source-one,,N,,,,,,,,,,
BASELINE_CONTROL_RISK_SCORE,Assessment Results,assessment-results.results[].observations[],APPROVED,scalar-score,source-one,,N,,,,,,,,,,
RISK_ASSESSMENT,Assessment Results,assessment-results.results[].observations[],APPROVED,scalar-score,source-one,,N,,,,,,,,,,
_CURRENT_AVERAGE_DEVICE_RISK_THRESHOLD,Assessment Results,assessment-results.results[].observations[],APPROVED,scalar-score,source-one,,N,,,,,,,,,,
_CURRENT_HIGHEST_DEVICE_RISK_THRESHOLD,Assessment Results,assessment-results.results[].observations[],APPROVED,scalar-score,source-one,,N,,,,,,,,,,
INITIAL_RISK_ASSESSMENT,Assessment Results,assessment-results.results[].observations[],APPROVED,scalar-score,source-one,,N,,,,,,,,,,
RISK_ASSESSMENT_REPORT,Assessment Results,assessment-results.results[].props[],APPROVED,json-text,source-one,,N,FIELD,false,,,,,,,,
WORKFLOW_CURRENT_NODE,Assessment Results,assessment-results.results[].props[],APPROVED,direct,source-one,,N,,,,,,,,,,
WORKFLOW_PROCESS_VERSION,Assessment Results,assessment-results.results[].props[],APPROVED,direct,source-one,,N,,,,,,,,,,
WORKFLOW_JOB_STATUS,Assessment Results,assessment-results.results[].props[],APPROVED,archer-select,source-one,,N,,,,,,,,,,
WORKFLOW_STATUS,Assessment Results,assessment-results.results[].props[],APPROVED,archer-select,source-one,,N,,,,,,,,,,
DUE_DATE,Assessment Results,assessment-results.results[].props[],APPROVED,date,source-one,,N,,,,,,,,,,
WORKFLOW_CURRENT_NODE_HRTN,Assessment Results,assessment-results.results[].props[],APPROVED,direct,source-one,,N,,,,,,,,,,
WORKFLOW_STATUS_CHANGED,Assessment Results,assessment-results.results[].props[],APPROVED,date,source-one,,N,,,,,,,,,,
POAMS,POA&M,plan-of-action-and-milestones.poam-items[],APPROVED,direct,source-one,,N,,,,,,,,,,
ADD_OVERLAY,Profile,Multiple — see notes,DEFERRED,,source-one,,N,,,,,,,,,,
BASELINE_RECOMMENDATION,Profile,profile.imports[],DEFERRED,,source-one,,N,,,,,,,,,,
REQUEST_TO_BEGIN_ASSESSMENT,Security Assessment Plan,assessment-plan.tasks[].props[],APPROVED,archer-select,source-one,preserve,N,,,,,,,,,,
APPROVAL_TO_BEGIN_ASSESSMENT,Security Assessment Plan,assessment-plan.tasks[].props[],APPROVED,archer-select,source-one,preserve,N,,,,,,,,,,
PREASSESSMENT_REVIEW_COMMENTS,Security Assessment Plan,assessment-plan.tasks[].remarks,APPROVED,text,source-one,preserve,N,,,,,,,,,,
RECOMMENDED_SECURITY_CATEGORY,SSP,system-security-plan.system-characteristics.security-impact-level,BLOCKED_IF_POPULATED,reject-populated,source-one,,N,,,,,,,,,,
AUTHORIZATION_PACKAGE_NAME,SSP - Metadata,system-security-plan.metadata.title,APPROVED,text,source-one,,N,FIELD,true,,,,,,,,
OSCAL_VERSION,SSP - Metadata,system-security-plan.metadata.oscal-version,APPROVED,text,source-one,,N,CONFIG,true,,,,,,,,
SSP_DOCUMENT_VERSION,SSP - Metadata,system-security-plan.metadata.version,APPROVED,canonical-text,source-one,,N,CONFIG,true,,,,,,,,
ASSESSMENT_TASK_TITLE,Security Assessment Plan,assessment-plan.tasks[].title,APPROVED,text,source-one,,N,CONFIG,true,,,,,,,,
ASSESSMENT_TASK_TYPE,Security Assessment Plan,assessment-plan.tasks[].type,APPROVED,text,source-one,,N,CONFIG,true,,,,,,,,
CONTROL_NUMBER,SSP - Control Implementation,system-security-plan.control-implementation.implemented-requirements[].control-id,APPROVED,text,source-one,,N,FIELD,false,,,,,,,allocated-controls,
IMPLEMENTATION_DETAILS,SSP - Control Implementation,system-security-plan.control-implementation.implemented-requirements[].remarks,APPROVED,text,source-one,,N,FIELD,false,,,,,,,allocated-controls,
